url,result
https://www.google.com,0
http://login-paypal-security-update.com/signin,1
https://www.github.com/login,0
http://amaz0n-verify-credential-login.net/account,1
https://www.bankofamerica.com,0
http://netflix-free-premium-login.xyz/watch,1
https://www.microsoft.com,0
http://secure-login-appleid-verification.co.uk,1
https://www.wikipedia.org,0
http://facebook-login-profile-settings.online/auth,1
https://www.linkedin.com/feed,0
http://chase-bank-alert-login.tech/secure,1
https://www.twitter.com,0
http://dropbox-shared-file-login.site/download,1
https://www.instagram.com,0
http://wellsfargo-login-verification.info,1
https://www.adobe.com,0
http://steam-community-free-skins.ru/login,1
https://www.amazon.in,0
http://walmart-giftcard-winner-login.biz,1
https://www.reddit.com,0
http://fedex-package-tracking-login.cc,1
https://www.yahoo.com,0
http://google-drive-doc-viewer-login.ws,1
https://www.apple.com/shop,0
http://instagram-verify-badge-login.top,1
https://www.ebay.com,0
http://snapchat-unlock-account-login.club,1
https://www.netflix.com,0
http://coinbase-crypto-wallet-login.rocks,1
https://www.paypal.com,0
http://microsoft-office365-login.asia,1
https://www.zoom.us,0
http://usps-delivery-status-login.icu,1
https://www.quora.com,0
http://blockchain-wallet-security-login.su,1
https://www.salesforce.com,0
http://capitalone-credit-card-login.download,1
https://www.spotify.com,0
http://bmo-bank-login-update.com/login,1
https://www.bbc.com,0
http://tiktok-followers-generator-login.net,1
https://www.cnn.com,0
http://bank-of-india-secure-login.org,1
https://www.nytimes.com,0
http://hulu-account-recovery-login.space,1
https://www.espn.com,0
http://dhl-shipping-invoice-pdf-login.click,1
https://www.stackoverflow.com,0
http://roblox-free-robux-login-portal.gg,1
https://www.microsoft.com/en-us/windows,0
http://apple-icloud-login-verify-security.xyz/account,1
https://www.google.com/maps,0
http://amaz0n-prime-video-login-free.top/signin,1
https://www.adobe.com/creativecloud,0
http://chase-bank-secure-login-update.net/auth,1
https://www.github.com/explore,0
http://netflix-premium-free-login.icu/watch,1
https://www.bankofamerica.com/deposits,0
http://wellsfargo-online-login-verification.info/access,1
https://www.wikipedia.org/wiki/Main_Page,0
http://facebook-account-recovery-login.biz/settings,1
https://www.linkedin.com/jobs,0
http://dropbox-shared-folder-login.club/download,1
https://www.twitter.com/home,0
http://coinbase-crypto-wallet-verify.online/login,1
https://www.instagram.com/explore,0
http://snapchat-password-reset-login.site/confirm,1
https://www.reddit.com/r/all,0
http://fedex-package-delivery-login.tech/track,1
https://www.yahoo.com/news,0
http://google-drive-shared-doc-login.ws/view,1
https://www.ebay.com/deals,0
http://instagram-verify-badge-login.cc/form,1
https://www.amazon.com/gp/help,0
http://steam-community-gifts-login.ru/claim,1
https://www.zoom.us/pricing,0
http://usps-tracking-number-login.icu/status,1
https://www.salesforce.com/products,0
http://blockchain-security-alert-login.su/wallet,1
https://www.apple.com/support,0
http://microsoft-secure-account-verification.ru/login,1
https://www.github.com/settings/profile,0
http://amazon-prime-offer-expired-login.biz/reactivate,1
https://www.bankofamerica.com/contact,0
http://netflix-billing-update-required-login.xyz/pay,1
https://www.adobe.com/downloads,0
http://chase-bank-online-security-update.tech/auth,1
https://www.wikipedia.org/wiki/Portal:Contents,0
http://facebook-security-check-login.online/verify,1
https://www.linkedin.com/mynetwork,0
http://dropbox-file-shared-download-login.site/get,1
https://www.twitter.com/explore,0
http://coinbase-wallet-security-update.top/access,1
https://www.instagram.com/direct/inbox,0
http://snapchat-account-locked-login.club/unlock,1
https://www.reddit.com/r/technology,0
http://fedex-delivery-failed-tracking-login.cc/info,1
https://www.yahoo.com/finance,0
http://google-drive-document-shared-login.ws/open,1
https://www.ebay.com/help/home,0
http://instagram-blue-badge-verify-login.ru/apply,1
https://www.amazon.in/gp/buy,0
http://steam-free-game-codes-login.online/claim,1
https://www.zoom.us/rec/play,0
http://usps-package-reschedule-login.icu/ship,1
https://www.salesforce.com/form,0
http://dhl-express-invoice-download-login.click/pdf,1